{
  "IcoMoonType": "selection",
  "icons": [
    {
      "icon": {
        "paths": [
          "M496.845 912.589c-40.96 0-81.51-15.565-112.64-46.285-63.078-63.078-63.078-165.478 0-228.557l333.824-333.824c62.669-62.669 164.659-62.669 227.328 0 30.31 30.31 46.694 70.451 46.694 113.459s-16.794 83.558-46.694 113.459v0l-333.824 333.824c-31.539 31.949-73.318 47.923-114.688 47.923zM831.898 293.683c-31.539 0-63.488 11.878-87.654 36.045l-333.824 333.824c-47.923 47.923-47.923 128.614 0 176.128 47.923 47.923 126.566 47.514 174.899-1.229l333.824-333.824c48.333-48.333 48.333-126.976 0-174.899-23.757-23.757-55.706-36.045-87.245-36.045z",
          "M281.395 75.366h33.178v62.669h-33.178v-62.669z",
          "M251.494 42.598h92.16v32.768h-92.16v-32.768z",
          "M313.913 500.879l-33.178-0 0-62.669 33.178 0-0 62.669z",
          "M343.781 533.443l-92.16-0 0-32.768 92.16 0-0 32.768z",
          "M135.557 149.277l23.46-23.46 44.313 44.313-23.46 23.46-44.313-44.313z",
          "M91.589 147.062l65.166-65.166 23.17 23.17-65.166 65.166-23.17-23.17z",
          "M459.441 427.166l-23.46 23.46-44.313-44.313 23.46-23.46 44.313 44.313z",
          "M503.643 429.174l-65.166 65.166-23.17-23.17 65.166-65.166 23.17 23.17z",
          "M84.865 304.372l0-33.178 62.669 0-0 33.178-62.669-0z",
          "M52.011 334.154l0-92.16 32.768 0-0 92.16-32.768-0z",
          "M510.378 271.854l-0 33.178-62.669-0 0-33.178 62.669 0z",
          "M543.265 241.867l-0 92.16-32.768-0 0-92.16 32.768 0z",
          "M158.832 449.956l-23.46-23.46 44.313-44.313 23.46 23.46-44.313 44.313z",
          "M156.604 494.144l-65.166-65.166 23.17-23.17 65.166 65.166-23.17 23.17z",
          "M436.432 126.362l23.46 23.46-44.313 44.313-23.46-23.46 44.313-44.313z",
          "M438.716 82.091l65.166 65.166-23.17 23.17-65.166-65.166 23.17-23.17z",
          "M275.661 926.106c-43.008 0-85.197-19.661-113.050-56.934-8.192-10.65-13.107-23.757-14.746-38.093l-6.554-58.163c-1.229-9.421-5.325-18.432-11.878-24.986l-88.064-90.112c-6.963-7.373-6.963-18.842 0.41-26.214 7.373-6.963 18.842-6.963 26.214 0.41l88.474 90.112c12.288 12.698 20.070 29.082 22.118 46.694l6.554 58.163c0.819 7.782 3.686 14.746 7.782 20.070 33.178 44.237 93.798 55.296 140.493 25.395l53.658-33.587c8.602-5.325 20.070-2.867 25.395 5.734s2.867 20.070-5.734 25.395l-54.477 33.178c-23.757 15.565-50.381 22.938-76.595 22.938z",
          "M297.779 448.102c-88.064 0-159.334-71.68-159.334-159.334s71.68-159.334 159.334-159.334 159.334 71.68 159.334 159.334-71.27 159.334-159.334 159.334zM297.779 174.080c-63.078 0-114.688 51.61-114.688 114.688s51.61 114.688 114.688 114.688 114.688-51.61 114.688-114.688-51.2-114.688-114.688-114.688z"
        ],
        "attrs": [
          {},
          {},
          {},
          {},
          {},
          {},
          {},
          {},
          {},
          {},
          {},
          {},
          {},
          {},
          {},
          {},
          {},
          {},
          {}
        ],
        "isMulticolor": true,
        "isMulticolor2": true,
        "grid": 0,
        "tags": [
          "virus_and_bacteria"
        ],
        "colorPermutations": {
          "12552552551": [
            {
              "f": 0
            },
            {
              "f": 1
            },
            {
              "s": 0
            },
            {
              "f": 0
            },
            {
              "f": 0
            },
            {
              "f": 0
            },
            {
              "f": 0
            },
            {
              "f": 0
            },
            {
              "f": 0
            },
            {
              "f": 0
            },
            {
              "f": 0
            },
            {
              "f": 0
            },
            {
              "f": 0
            },
            {
              "f": 0
            },
            {
              "f": 0
            },
            {
              "f": 0
            },
            {
              "f": 0
            },
            {
              "f": 0
            },
            {
              "f": 0
            },
            {
              "s": 0
            }
          ]
        }
      },
      "attrs": [
        {},
        {},
        {},
        {},
        {},
        {},
        {},
        {},
        {},
        {},
        {},
        {},
        {},
        {},
        {},
        {},
        {},
        {},
        {}
      ],
      "properties": {
        "order": 8,
        "id": 0,
        "name": "virus_and_bacteria",
        "prevSize": 32,
        "code": 59648,
        "codes": [
          59648,
          59649,
          59650,
          59651,
          59652,
          59653,
          59654,
          59655,
          59656,
          59657,
          59658,
          59659,
          59660,
          59661,
          59662,
          59663,
          59664,
          59665,
          59666,
          59667
        ]
      },
      "setIdx": 0,
      "setId": 4,
      "iconIdx": 0
    }
  ],
  "height": 1024,
  "metadata": {
    "name": "icomoon"
  },
  "preferences": {
    "showGlyphs": true,
    "showQuickUse": true,
    "showQuickUse2": true,
    "showSVGs": true,
    "fontPref": {
      "prefix": "icon-",
      "metadata": {
        "fontFamily": "icomoon"
      },
      "metrics": {
        "emSize": 1024,
        "baseline": 6.25,
        "whitespace": 50
      },
      "embed": false,
      "autoHost": true
    },
    "imagePref": {
      "prefix": "icon-",
      "png": true,
      "useClassSelector": true,
      "color": 0,
      "bgColor": 16777215,
      "classSelector": ".icon"
    },
    "historySize": 50,
    "showCodes": true,
    "gridSize": 16,
    "quickUsageToken": {
      "UntitledProject": "ZGU0YmEyODk5YTE2Y2NmYjM4MzM3YjliNzUwMzU5NDIjMSMxNTI3MjcxNTQ1IyMj"
    }
  }
}